ProteinA,ProteinB,Label
15229321,AthlncRNA10,1
15229884,AthlncRNA10,1
22328551,AthlncRNA10,1
18423684,AthlncRNA102,1
22328551,AthlncRNA102,1
15237716,AthlncRNA102,1
79326195,AthlncRNA104,1
15234010,AthlncRNA105,1
79320777,AthlncRNA105,1
22328551,AthlncRNA105,1
15224366,AthlncRNA105,1
15224217,AthlncRNA105,1
15223768,AthlncRNA105,1
15218779,AthlncRNA105,1
22328551,AthlncRNA109,1
22328551,AthlncRNA110,1
22328624,AthlncRNA110,1
22329999,AthlncRNA110,1
30678085,AthlncRNA110,1
30680456,AthlncRNA110,1
30694526,AthlncRNA110,1
79320777,AthlncRNA110,1
79326195,AthlncRNA110,1
18423684,AthlncRNA110,1
15237716,AthlncRNA110,1
15218779,AthlncRNA110,1
15221761,AthlncRNA110,1
15223768,AthlncRNA110,1
15224217,AthlncRNA110,1
15224366,AthlncRNA110,1
15226605,AthlncRNA110,1
15227722,AthlncRNA110,1
15228098,AthlncRNA110,1
15229884,AthlncRNA110,1
15234010,AthlncRNA110,1
15241028,AthlncRNA110,1
18398061,AthlncRNA110,1
18400210,AthlncRNA110,1
18410591,AthlncRNA110,1
30694529,AthlncRNA110,1
22328551,AthlncRNA113,1
42572443,AthlncRNA12,1
15232459,AthlncRNA12,1
15218972,AthlncRNA12,1
30694529,AthlncRNA125,1
30694526,AthlncRNA125,1
30680456,AthlncRNA125,1
22329999,AthlncRNA125,1
18398061,AthlncRNA125,1
79326195,AthlncRNA125,1
18410591,AthlncRNA125,1
22329999,AthlncRNA126,1
18423684,AthlncRNA128,1
22328551,AthlncRNA128,1
15229743,AthlncRNA129,1
18400210,AthlncRNA129,1
18410591,AthlncRNA129,1
22328624,AthlncRNA129,1
22329999,AthlncRNA129,1
22330665,AthlncRNA129,1
30678085,AthlncRNA129,1
30680456,AthlncRNA129,1
30694526,AthlncRNA129,1
30694529,AthlncRNA129,1
42572443,AthlncRNA129,1
79320777,AthlncRNA129,1
18398061,AthlncRNA129,1
15241028,AthlncRNA129,1
15229321,AthlncRNA129,1
15228098,AthlncRNA129,1
15227722,AthlncRNA129,1
15226605,AthlncRNA129,1
15224366,AthlncRNA129,1
15224217,AthlncRNA129,1
15229884,AthlncRNA129,1
15223768,AthlncRNA129,1
15221761,AthlncRNA129,1
15232459,AthlncRNA129,1
15234010,AthlncRNA129,1
15240641,AthlncRNA129,1
22328551,AthlncRNA129,1
15218779,AthlncRNA129,1
15226605,AthlncRNA138,1
15224366,AthlncRNA138,1
15223768,AthlncRNA138,1
15227722,AthlncRNA138,1
15218972,AthlncRNA138,1
15229321,AthlncRNA138,1
15232459,AthlncRNA138,1
22330665,AthlncRNA138,1
30678085,AthlncRNA138,1
30682553,AthlncRNA138,1
42571149,AthlncRNA138,1
42572443,AthlncRNA138,1
79320777,AthlncRNA138,1
15218779,AthlncRNA138,1
15233167,AthlncRNA138,1
15228098,AthlncRNA138,1
15224217,AthlncRNA138,1
22328551,AthlncRNA14,1
22328551,AthlncRNA141,1
30680456,AthlncRNA148,1
30682553,AthlncRNA148,1
15224217,AthlncRNA148,1
30694526,AthlncRNA148,1
30694529,AthlncRNA148,1
42571149,AthlncRNA148,1
79320777,AthlncRNA148,1
79326195,AthlncRNA148,1
30678085,AthlncRNA148,1
42572443,AthlncRNA148,1
22330665,AthlncRNA148,1
22328624,AthlncRNA148,1
15218779,AthlncRNA148,1
15221761,AthlncRNA148,1
15232459,AthlncRNA148,1
15229884,AthlncRNA148,1
15229743,AthlncRNA148,1
15229321,AthlncRNA148,1
15228098,AthlncRNA148,1
15227722,AthlncRNA148,1
15226605,AthlncRNA148,1
15224366,AthlncRNA148,1
15223768,AthlncRNA148,1
15218972,AthlncRNA148,1
15233167,AthlncRNA148,1
22328551,AthlncRNA148,1
15234010,AthlncRNA148,1
18398061,AthlncRNA148,1
15241028,AthlncRNA148,1
15240641,AthlncRNA148,1
15237716,AthlncRNA148,1
18410591,AthlncRNA148,1
18423684,AthlncRNA148,1
18400210,AthlncRNA148,1
79320777,AthlncRNA155,1
15218779,AthlncRNA155,1
22328551,AthlncRNA155,1
15218779,AthlncRNA159,1
15227722,AthlncRNA159,1
30678085,AthlncRNA159,1
79320777,AthlncRNA159,1
15223768,AthlncRNA159,1
15224217,AthlncRNA159,1
79320777,AthlncRNA167,1
22328551,AthlncRNA167,1
15229884,AthlncRNA167,1
15226605,AthlncRNA167,1
15224217,AthlncRNA167,1
15223768,AthlncRNA167,1
15218779,AthlncRNA167,1
30680456,AthlncRNA172,1
22328551,AthlncRNA172,1
18398061,AthlncRNA172,1
15229321,AthlncRNA172,1
15229884,AthlncRNA172,1
15240641,AthlncRNA172,1
15227722,AthlncRNA18,1
15223768,AthlncRNA18,1
79320777,AthlncRNA18,1
15224366,AthlncRNA18,1
30680456,AthlncRNA18,1
15229884,AthlncRNA18,1
18398061,AthlncRNA18,1
18423684,AthlncRNA18,1
22328551,AthlncRNA18,1
15218779,AthlncRNA18,1
15224217,AthlncRNA18,1
30678085,AthlncRNA18,1
79326195,AthlncRNA192,1
79320777,AthlncRNA192,1
15224366,AthlncRNA192,1
30694529,AthlncRNA192,1
30694526,AthlncRNA192,1
30680456,AthlncRNA192,1
30678085,AthlncRNA192,1
22329999,AthlncRNA192,1
15229884,AthlncRNA192,1
15241028,AthlncRNA192,1
18398061,AthlncRNA192,1
18410591,AthlncRNA192,1
18423684,AthlncRNA192,1
22328551,AthlncRNA192,1
15229321,AthlncRNA192,1
15218779,AthlncRNA192,1
15223768,AthlncRNA192,1
15224217,AthlncRNA192,1
15227722,AthlncRNA192,1
15226605,AthlncRNA192,1
30694526,AthlncRNA193,1
18410591,AthlncRNA193,1
18423684,AthlncRNA193,1
22328551,AthlncRNA193,1
22330665,AthlncRNA193,1
30678085,AthlncRNA193,1
30680456,AthlncRNA193,1
30682553,AthlncRNA193,1
30694529,AthlncRNA193,1
79320777,AthlncRNA193,1
79326195,AthlncRNA193,1
15241028,AthlncRNA193,1
18398061,AthlncRNA193,1
15223768,AthlncRNA193,1
15218779,AthlncRNA193,1
15224217,AthlncRNA193,1
15224366,AthlncRNA193,1
15226605,AthlncRNA193,1
15227722,AthlncRNA193,1
15228098,AthlncRNA193,1
15229321,AthlncRNA193,1
15229743,AthlncRNA193,1
15229884,AthlncRNA193,1
15234010,AthlncRNA193,1
15232459,AthlncRNA194,1
15228098,AthlncRNA194,1
15227722,AthlncRNA194,1
15226605,AthlncRNA194,1
15224366,AthlncRNA194,1
15224217,AthlncRNA194,1
15223768,AthlncRNA194,1
15218779,AthlncRNA194,1
15218972,AthlncRNA194,1
15234010,AthlncRNA194,1
30694529,AthlncRNA194,1
79320777,AthlncRNA194,1
42572443,AthlncRNA194,1
30694526,AthlncRNA194,1
30678085,AthlncRNA194,1
18423684,AthlncRNA194,1
18410591,AthlncRNA194,1
15241028,AthlncRNA194,1
15237716,AthlncRNA194,1
22328551,AthlncRNA199,1
22328551,AthlncRNA2,1
22328551,AthlncRNA204,1
18423684,AthlncRNA204,1
15221761,AthlncRNA204,1
18400210,AthlncRNA204,1
30678085,AthlncRNA207,1
15224217,AthlncRNA207,1
15241028,AthlncRNA207,1
15229884,AthlncRNA207,1
22328551,AthlncRNA207,1
22329999,AthlncRNA207,1
15224366,AthlncRNA207,1
15227722,AthlncRNA207,1
15226605,AthlncRNA207,1
79320777,AthlncRNA207,1
15223768,AthlncRNA207,1
15218779,AthlncRNA207,1
22330665,AthlncRNA207,1
30682553,AthlncRNA21,1
42571149,AthlncRNA21,1
15228098,AthlncRNA21,1
15240641,AthlncRNA21,1
15233167,AthlncRNA21,1
15224366,AthlncRNA210,1
15224217,AthlncRNA210,1
15223768,AthlncRNA210,1
15218779,AthlncRNA210,1
15226605,AthlncRNA210,1
15229884,AthlncRNA210,1
15241028,AthlncRNA210,1
18423684,AthlncRNA210,1
22328551,AthlncRNA210,1
79320777,AthlncRNA210,1
22328551,AthlncRNA211,1
18410591,AthlncRNA211,1
30694526,AthlncRNA211,1
22329999,AthlncRNA211,1
30694529,AthlncRNA211,1
18423684,AthlncRNA211,1
15227722,AthlncRNA213,1
15223768,AthlncRNA213,1
30678085,AthlncRNA213,1
15241028,AthlncRNA215,1
15227722,AthlncRNA215,1
15226605,AthlncRNA215,1
15224366,AthlncRNA215,1
15229321,AthlncRNA215,1
15223768,AthlncRNA215,1
15229884,AthlncRNA215,1
22328551,AthlncRNA215,1
30678085,AthlncRNA215,1
79320777,AthlncRNA215,1
15218779,AthlncRNA215,1
15224217,AthlncRNA215,1
15228098,AthlncRNA218,1
79320777,AthlncRNA218,1
22328551,AthlncRNA218,1
18423684,AthlncRNA218,1
15241028,AthlncRNA218,1
15229884,AthlncRNA218,1
15229321,AthlncRNA218,1
15224217,AthlncRNA218,1
15218779,AthlncRNA218,1
42571149,AthlncRNA22,1
15240641,AthlncRNA22,1
15229743,AthlncRNA22,1
15228098,AthlncRNA22,1
15218779,AthlncRNA222,1
15218972,AthlncRNA222,1
22328624,AthlncRNA222,1
79320777,AthlncRNA222,1
15229884,AthlncRNA227,1
30680456,AthlncRNA227,1
22328551,AthlncRNA227,1
15241028,AthlncRNA227,1
22328624,AthlncRNA227,1
18398061,AthlncRNA227,1
79320777,AthlncRNA227,1
42572443,AthlncRNA227,1
42571149,AthlncRNA227,1
30694529,AthlncRNA227,1
18400210,AthlncRNA227,1
18410591,AthlncRNA227,1
18423684,AthlncRNA227,1
30694526,AthlncRNA227,1
22329999,AthlncRNA227,1
22330665,AthlncRNA227,1
30678085,AthlncRNA227,1
30682553,AthlncRNA227,1
15232459,AthlncRNA227,1
15224217,AthlncRNA227,1
15221761,AthlncRNA227,1
15223768,AthlncRNA227,1
15233167,AthlncRNA227,1
15224366,AthlncRNA227,1
15234010,AthlncRNA227,1
15240641,AthlncRNA227,1
15226605,AthlncRNA227,1
15227722,AthlncRNA227,1
15228098,AthlncRNA227,1
15229321,AthlncRNA227,1
15229743,AthlncRNA227,1
15218779,AthlncRNA227,1
18423684,AthlncRNA229,1
15229321,AthlncRNA229,1
15241028,AthlncRNA229,1
79320777,AthlncRNA229,1
15224217,AthlncRNA229,1
15224366,AthlncRNA229,1
15226605,AthlncRNA229,1
15223768,AthlncRNA229,1
15227722,AthlncRNA229,1
15228098,AthlncRNA229,1
15218779,AthlncRNA229,1
15234010,AthlncRNA229,1
18398061,AthlncRNA229,1
22328551,AthlncRNA229,1
30678085,AthlncRNA229,1
30680456,AthlncRNA229,1
22328551,AthlncRNA23,1
18398061,AthlncRNA236,1
30694526,AthlncRNA236,1
30680456,AthlncRNA236,1
30678085,AthlncRNA236,1
22328551,AthlncRNA236,1
18410591,AthlncRNA236,1
15229884,AthlncRNA236,1
15229321,AthlncRNA236,1
15227722,AthlncRNA236,1
15224217,AthlncRNA236,1
15223768,AthlncRNA236,1
79326195,AthlncRNA236,1
30694529,AthlncRNA236,1
22329999,AthlncRNA238,1
30694529,AthlncRNA238,1
30694526,AthlncRNA238,1
30680456,AthlncRNA238,1
15229884,AthlncRNA238,1
22328551,AthlncRNA238,1
18410591,AthlncRNA238,1
18398061,AthlncRNA238,1
15240641,AthlncRNA238,1
30680456,AthlncRNA241,1
15229884,AthlncRNA241,1
18423684,AthlncRNA241,1
18410591,AthlncRNA241,1
18398061,AthlncRNA241,1
15241028,AthlncRNA241,1
22329999,AthlncRNA241,1
15229321,AthlncRNA241,1
15227722,AthlncRNA241,1
15226605,AthlncRNA241,1
15224366,AthlncRNA241,1
15223768,AthlncRNA241,1
79320777,AthlncRNA241,1
15224217,AthlncRNA241,1
30694529,AthlncRNA241,1
30694526,AthlncRNA241,1
22328551,AthlncRNA241,1
30678085,AthlncRNA241,1
15218779,AthlncRNA241,1
79326195,AthlncRNA246,1
15224217,AthlncRNA247,1
15223768,AthlncRNA247,1
15218779,AthlncRNA247,1
79320777,AthlncRNA247,1
15224366,AthlncRNA247,1
15234010,AthlncRNA247,1
15227722,AthlncRNA247,1
30678085,AthlncRNA247,1
22328551,AthlncRNA251,1
22328551,AthlncRNA253,1
15229884,AthlncRNA256,1
15218779,AthlncRNA256,1
30680456,AthlncRNA256,1
15229321,AthlncRNA256,1
18423684,AthlncRNA256,1
22328551,AthlncRNA256,1
79320777,AthlncRNA256,1
18398061,AthlncRNA256,1
15237716,AthlncRNA256,1
18410591,AthlncRNA258,1
18398061,AthlncRNA258,1
15229884,AthlncRNA258,1
30680456,AthlncRNA258,1
30694526,AthlncRNA258,1
30694529,AthlncRNA258,1
79326195,AthlncRNA258,1
22329999,AthlncRNA258,1
22330665,AthlncRNA260,1
15229884,AthlncRNA260,1
22328551,AthlncRNA260,1
15240641,AthlncRNA261,1
79326195,AthlncRNA261,1
30682553,AthlncRNA261,1
30680456,AthlncRNA261,1
22328551,AthlncRNA261,1
15229884,AthlncRNA261,1
18398061,AthlncRNA261,1
18423684,AthlncRNA261,1
22328551,AthlncRNA269,1
22328551,AthlncRNA270,1
22328551,AthlncRNA271,1
18398061,AthlncRNA271,1
15229884,AthlncRNA271,1
15240641,AthlncRNA271,1
18410591,AthlncRNA271,1
22329999,AthlncRNA271,1
30694529,AthlncRNA271,1
30680456,AthlncRNA271,1
30694526,AthlncRNA271,1
22329999,AthlncRNA277,1
79326195,AthlncRNA277,1
30694529,AthlncRNA277,1
18410591,AthlncRNA277,1
30680456,AthlncRNA277,1
18423684,AthlncRNA277,1
30694526,AthlncRNA277,1
22328551,AthlncRNA277,1
15229884,AthlncRNA277,1
18398061,AthlncRNA277,1
30682553,AthlncRNA282,1
42571149,AthlncRNA282,1
30678085,AthlncRNA282,1
22330665,AthlncRNA282,1
22328551,AthlncRNA282,1
79326195,AthlncRNA282,1
79320777,AthlncRNA282,1
15226605,AthlncRNA282,1
15224366,AthlncRNA282,1
15241028,AthlncRNA282,1
15234010,AthlncRNA282,1
15233167,AthlncRNA282,1
15229321,AthlncRNA282,1
15228098,AthlncRNA282,1
15227722,AthlncRNA282,1
15218779,AthlncRNA282,1
15223768,AthlncRNA282,1
15224217,AthlncRNA282,1
15229884,AthlncRNA282,1
15218972,AthlncRNA284,1
15237716,AthlncRNA284,1
15227722,AthlncRNA29,1
15224217,AthlncRNA29,1
15224366,AthlncRNA29,1
15226605,AthlncRNA29,1
79326195,AthlncRNA29,1
79320777,AthlncRNA29,1
30694529,AthlncRNA29,1
30694526,AthlncRNA29,1
30680456,AthlncRNA29,1
30678085,AthlncRNA29,1
22329999,AthlncRNA29,1
22328624,AthlncRNA29,1
22328551,AthlncRNA29,1
18410591,AthlncRNA29,1
15229321,AthlncRNA29,1
18398061,AthlncRNA29,1
15223768,AthlncRNA29,1
18400210,AthlncRNA29,1
15229884,AthlncRNA29,1
15218779,AthlncRNA29,1
15221761,AthlncRNA29,1
18398061,AthlncRNA293,1
22328551,AthlncRNA293,1
22329999,AthlncRNA293,1
30680456,AthlncRNA293,1
22330665,AthlncRNA296,1
30682553,AthlncRNA296,1
15218779,AthlncRNA296,1
15223768,AthlncRNA296,1
15228098,AthlncRNA296,1
15229743,AthlncRNA296,1
15237716,AthlncRNA296,1
15240641,AthlncRNA296,1
30678085,AthlncRNA296,1
15227722,AthlncRNA296,1
79320777,AthlncRNA296,1
22328551,AthlncRNA299,1
22328551,AthlncRNA300,1
30682553,AthlncRNA301,1
79326195,AthlncRNA301,1
30678085,AthlncRNA301,1
18400210,AthlncRNA301,1
30694526,AthlncRNA301,1
18423684,AthlncRNA301,1
79320777,AthlncRNA301,1
42572443,AthlncRNA301,1
42571149,AthlncRNA301,1
18410591,AthlncRNA301,1
30694529,AthlncRNA301,1
22328551,AthlncRNA301,1
22328624,AthlncRNA301,1
22329999,AthlncRNA301,1
22330665,AthlncRNA301,1
30680456,AthlncRNA301,1
18398061,AthlncRNA301,1
15241028,AthlncRNA301,1
15224366,AthlncRNA301,1
15234010,AthlncRNA301,1
15233167,AthlncRNA301,1
15232459,AthlncRNA301,1
15229884,AthlncRNA301,1
15229743,AthlncRNA301,1
15229321,AthlncRNA301,1
15228098,AthlncRNA301,1
15227722,AthlncRNA301,1
15226605,AthlncRNA301,1
15224217,AthlncRNA301,1
15223768,AthlncRNA301,1
15221761,AthlncRNA301,1
15218972,AthlncRNA301,1
15237716,AthlncRNA301,1
15218779,AthlncRNA301,1
15240641,AthlncRNA301,1
15241028,AthlncRNA302,1
18398061,AthlncRNA302,1
22328551,AthlncRNA302,1
15240641,AthlncRNA302,1
22330665,AthlncRNA302,1
30678085,AthlncRNA302,1
30680456,AthlncRNA302,1
30682553,AthlncRNA302,1
42571149,AthlncRNA302,1
15229743,AthlncRNA302,1
79320777,AthlncRNA302,1
15237716,AthlncRNA302,1
15228098,AthlncRNA302,1
15227722,AthlncRNA302,1
15226605,AthlncRNA302,1
15229884,AthlncRNA302,1
15224217,AthlncRNA302,1
15223768,AthlncRNA302,1
15218972,AthlncRNA302,1
15218779,AthlncRNA302,1
15233167,AthlncRNA302,1
15224366,AthlncRNA302,1
22328624,AthlncRNA302,1
15229743,AthlncRNA306,1
15228098,AthlncRNA306,1
42571149,AthlncRNA306,1
15233167,AthlncRNA306,1
15229321,AthlncRNA309,1
15229884,AthlncRNA309,1
22328551,AthlncRNA311,1
22329999,AthlncRNA313,1
22328551,AthlncRNA313,1
18423684,AthlncRNA313,1
22328551,AthlncRNA314,1
30680456,AthlncRNA314,1
18398061,AthlncRNA314,1
18423684,AthlncRNA314,1
15229884,AthlncRNA314,1
15229321,AthlncRNA314,1
22328551,AthlncRNA315,1
79320777,AthlncRNA316,1
30678085,AthlncRNA316,1
22328551,AthlncRNA316,1
15227722,AthlncRNA316,1
15224366,AthlncRNA316,1
15224217,AthlncRNA316,1
15223768,AthlncRNA316,1
15218779,AthlncRNA316,1
15218972,AthlncRNA319,1
22329999,AthlncRNA32,1
79326195,AthlncRNA32,1
79320777,AthlncRNA32,1
22330665,AthlncRNA32,1
30694529,AthlncRNA32,1
30694526,AthlncRNA32,1
30682553,AthlncRNA32,1
30678085,AthlncRNA32,1
30680456,AthlncRNA32,1
42571149,AthlncRNA32,1
15223768,AthlncRNA32,1
15233167,AthlncRNA32,1
42572443,AthlncRNA32,1
15232459,AthlncRNA32,1
15229743,AthlncRNA32,1
15218972,AthlncRNA32,1
15221761,AthlncRNA32,1
15224217,AthlncRNA32,1
15224366,AthlncRNA32,1
15226605,AthlncRNA32,1
22328624,AthlncRNA32,1
15218779,AthlncRNA32,1
18423684,AthlncRNA32,1
15234010,AthlncRNA32,1
15237716,AthlncRNA32,1
15240641,AthlncRNA32,1
15241028,AthlncRNA32,1
18398061,AthlncRNA32,1
15228098,AthlncRNA32,1
18400210,AthlncRNA32,1
18410591,AthlncRNA32,1
15227722,AthlncRNA32,1
22328551,AthlncRNA320,1
18398061,AthlncRNA321,1
15229884,AthlncRNA321,1
22328551,AthlncRNA321,1
30680456,AthlncRNA321,1
79326195,AthlncRNA321,1
18423684,AthlncRNA321,1
22328551,AthlncRNA324,1
15241028,AthlncRNA327,1
22328551,AthlncRNA327,1
15229884,AthlncRNA327,1
79320777,AthlncRNA327,1
15227722,AthlncRNA327,1
15226605,AthlncRNA327,1
15224217,AthlncRNA327,1
15224366,AthlncRNA327,1
30678085,AthlncRNA327,1
15223768,AthlncRNA327,1
15218779,AthlncRNA327,1
18410591,AthlncRNA328,1
22328551,AthlncRNA328,1
30694526,AthlncRNA328,1
30694529,AthlncRNA328,1
22328551,AthlncRNA332,1
22329999,AthlncRNA335,1
22328551,AthlncRNA340,1
15229884,AthlncRNA340,1
15232459,AthlncRNA341,1
42572443,AthlncRNA341,1
30680456,AthlncRNA341,1
22329999,AthlncRNA341,1
18400210,AthlncRNA341,1
15240641,AthlncRNA341,1
18398061,AthlncRNA341,1
15221761,AthlncRNA341,1
22328551,AthlncRNA342,1
22328551,AthlncRNA345,1
15218972,AthlncRNA346,1
30680456,AthlncRNA346,1
15221761,AthlncRNA346,1
15228098,AthlncRNA346,1
15229321,AthlncRNA346,1
15233167,AthlncRNA346,1
15237716,AthlncRNA346,1
15232459,AthlncRNA346,1
18398061,AthlncRNA346,1
18400210,AthlncRNA346,1
18423684,AthlncRNA346,1
22328624,AthlncRNA346,1
30682553,AthlncRNA346,1
42571149,AthlncRNA346,1
42572443,AthlncRNA346,1
79326195,AthlncRNA346,1
15223768,AthlncRNA352,1
18423684,AthlncRNA352,1
22328551,AthlncRNA352,1
30678085,AthlncRNA352,1
79320777,AthlncRNA352,1
15237716,AthlncRNA352,1
15234010,AthlncRNA352,1
15227722,AthlncRNA352,1
15218779,AthlncRNA352,1
15224217,AthlncRNA352,1
79326195,AthlncRNA352,1
15224366,AthlncRNA352,1
15237716,AthlncRNA354,1
15229884,AthlncRNA354,1
18398061,AthlncRNA354,1
18423684,AthlncRNA354,1
18410591,AthlncRNA354,1
22328551,AthlncRNA354,1
22329999,AthlncRNA354,1
30694526,AthlncRNA354,1
30694529,AthlncRNA354,1
15240641,AthlncRNA354,1
30680456,AthlncRNA354,1
15229884,AthlncRNA358,1
15229884,AthlncRNA364,1
30680456,AthlncRNA364,1
22329999,AthlncRNA364,1
18398061,AthlncRNA364,1
15237716,AthlncRNA369,1
15240641,AthlncRNA369,1
18400210,AthlncRNA369,1
18410591,AthlncRNA369,1
22329999,AthlncRNA369,1
22330665,AthlncRNA369,1
30678085,AthlncRNA369,1
42572443,AthlncRNA369,1
30682553,AthlncRNA369,1
30694526,AthlncRNA369,1
15232459,AthlncRNA369,1
15229884,AthlncRNA369,1
30694529,AthlncRNA369,1
79326195,AthlncRNA369,1
22328551,AthlncRNA369,1
15229743,AthlncRNA369,1
15221761,AthlncRNA369,1
15223768,AthlncRNA369,1
15227722,AthlncRNA369,1
15229884,AthlncRNA37,1
18398061,AthlncRNA37,1
22328551,AthlncRNA37,1
30680456,AthlncRNA37,1
30680456,AthlncRNA373,1
15229884,AthlncRNA373,1
22328551,AthlncRNA373,1
18398061,AthlncRNA373,1
22328551,AthlncRNA376,1
18400210,AthlncRNA376,1
15221761,AthlncRNA376,1
15229321,AthlncRNA376,1
42571149,AthlncRNA376,1
30694529,AthlncRNA376,1
30694526,AthlncRNA376,1
30682553,AthlncRNA376,1
30680456,AthlncRNA376,1
22328624,AthlncRNA376,1
18423684,AthlncRNA376,1
18410591,AthlncRNA376,1
18398061,AthlncRNA376,1
15240641,AthlncRNA376,1
15237716,AthlncRNA376,1
15229884,AthlncRNA376,1
15234010,AthlncRNA377,1
15241028,AthlncRNA377,1
18410591,AthlncRNA377,1
30678085,AthlncRNA377,1
30694526,AthlncRNA377,1
30694529,AthlncRNA377,1
79320777,AthlncRNA377,1
15229884,AthlncRNA377,1
15224366,AthlncRNA377,1
15218779,AthlncRNA377,1
15223768,AthlncRNA377,1
15224217,AthlncRNA377,1
15226605,AthlncRNA377,1
15227722,AthlncRNA377,1
15228098,AthlncRNA377,1
15229321,AthlncRNA377,1
30694526,AthlncRNA378,1
15229321,AthlncRNA378,1
15229884,AthlncRNA378,1
18410591,AthlncRNA378,1
30694529,AthlncRNA378,1
42572443,AthlncRNA42,1
22328551,AthlncRNA42,1
18423684,AthlncRNA42,1
18410591,AthlncRNA42,1
18400210,AthlncRNA42,1
18398061,AthlncRNA42,1
15240641,AthlncRNA42,1
15232459,AthlncRNA42,1
15229743,AthlncRNA42,1
15229321,AthlncRNA42,1
15221761,AthlncRNA42,1
15229884,AthlncRNA42,1
22328624,AthlncRNA42,1
22329999,AthlncRNA42,1
42571149,AthlncRNA42,1
30694529,AthlncRNA42,1
30694526,AthlncRNA42,1
30680456,AthlncRNA42,1
22330665,AthlncRNA42,1
79326195,AthlncRNA42,1
15218779,AthlncRNA52,1
79320777,AthlncRNA52,1
30678085,AthlncRNA52,1
22328551,AthlncRNA52,1
15234010,AthlncRNA52,1
15223768,AthlncRNA52,1
15224217,AthlncRNA52,1
15224366,AthlncRNA52,1
15227722,AthlncRNA52,1
30694526,AthlncRNA53,1
30680456,AthlncRNA53,1
22329999,AthlncRNA53,1
18410591,AthlncRNA53,1
18400210,AthlncRNA53,1
18398061,AthlncRNA53,1
15240641,AthlncRNA53,1
15232459,AthlncRNA53,1
15221761,AthlncRNA53,1
30694529,AthlncRNA53,1
42572443,AthlncRNA53,1
79326195,AthlncRNA53,1
42572443,AthlncRNA55,1
42571149,AthlncRNA55,1
15233167,AthlncRNA55,1
15232459,AthlncRNA55,1
15218972,AthlncRNA55,1
15228098,AthlncRNA55,1
22328551,AthlncRNA56,1
18410591,AthlncRNA56,1
18400210,AthlncRNA56,1
18398061,AthlncRNA56,1
15232459,AthlncRNA56,1
15227722,AthlncRNA56,1
15224366,AthlncRNA56,1
15224217,AthlncRNA56,1
15223768,AthlncRNA56,1
15221761,AthlncRNA56,1
22328624,AthlncRNA56,1
22329999,AthlncRNA56,1
30680456,AthlncRNA56,1
15229884,AthlncRNA56,1
79326195,AthlncRNA56,1
42572443,AthlncRNA56,1
30694529,AthlncRNA56,1
30694526,AthlncRNA56,1
30678085,AthlncRNA56,1
15229321,AthlncRNA56,1
22328551,AthlncRNA62,1
18410591,AthlncRNA62,1
30694526,AthlncRNA62,1
30694529,AthlncRNA62,1
22329999,AthlncRNA64,1
15229884,AthlncRNA64,1
18398061,AthlncRNA64,1
18410591,AthlncRNA64,1
22328551,AthlncRNA64,1
30680456,AthlncRNA64,1
30694526,AthlncRNA64,1
30694529,AthlncRNA64,1
15229321,AthlncRNA64,1
18398061,AthlncRNA74,1
15229884,AthlncRNA74,1
15229321,AthlncRNA74,1
15228098,AthlncRNA74,1
15227722,AthlncRNA74,1
15224366,AthlncRNA74,1
15226605,AthlncRNA74,1
15224217,AthlncRNA74,1
15241028,AthlncRNA74,1
15223768,AthlncRNA74,1
15218779,AthlncRNA74,1
15234010,AthlncRNA74,1
15240641,AthlncRNA74,1
22328551,AthlncRNA74,1
79320777,AthlncRNA74,1
30680456,AthlncRNA74,1
30678085,AthlncRNA74,1
22330665,AthlncRNA74,1
22328624,AthlncRNA74,1
30694529,AthlncRNA75,1
18400210,AthlncRNA75,1
15229743,AthlncRNA75,1
15229884,AthlncRNA75,1
15232459,AthlncRNA75,1
15237716,AthlncRNA75,1
42572443,AthlncRNA75,1
18410591,AthlncRNA75,1
30678085,AthlncRNA75,1
79320777,AthlncRNA75,1
30694526,AthlncRNA75,1
30682553,AthlncRNA75,1
15218779,AthlncRNA75,1
15223768,AthlncRNA75,1
15224217,AthlncRNA75,1
15224366,AthlncRNA75,1
15227722,AthlncRNA75,1
15228098,AthlncRNA75,1
79326195,AthlncRNA75,1
15229884,AthlncRNA78,1
22328551,AthlncRNA79,1
22328551,AthlncRNA94,1
22328624,AthlncRNA94,1
18423684,AthlncRNA94,1
15218779,AthlncRNA94,1
15221761,AthlncRNA94,1
22329999,AthlncRNA94,1
30678085,AthlncRNA94,1
22330665,AthlncRNA94,1
18410591,AthlncRNA94,1
18400210,AthlncRNA94,1
15223768,AthlncRNA94,1
15224217,AthlncRNA94,1
15224366,AthlncRNA94,1
15226605,AthlncRNA94,1
15228098,AthlncRNA94,1
15229321,AthlncRNA94,1
15229743,AthlncRNA94,1
15229884,AthlncRNA94,1
15234010,AthlncRNA94,1
15240641,AthlncRNA94,1
15241028,AthlncRNA94,1
18398061,AthlncRNA94,1
15227722,AthlncRNA94,1
30680456,AthlncRNA94,1
15232459,AthlncRNA94,1
79326195,AthlncRNA94,1
79320777,AthlncRNA94,1
42572443,AthlncRNA94,1
42571149,AthlncRNA94,1
30694529,AthlncRNA94,1
30694526,AthlncRNA94,1
30682553,AthlncRNA94,1
30678085,AthlncRNA95,1
30694526,AthlncRNA95,1
30694529,AthlncRNA95,1
15224217,AthlncRNA95,1
42571149,AthlncRNA95,1
79326195,AthlncRNA95,1
22328551,AthlncRNA95,1
18410591,AthlncRNA95,1
15234010,AthlncRNA95,1
79320777,AthlncRNA95,1
15218779,AthlncRNA95,1
15223768,AthlncRNA95,1
15227722,AthlncRNA95,1
15228098,AthlncRNA95,1
15229321,AthlncRNA95,1
15229884,AthlncRNA95,1
22329999,AthlncRNA98,1
22328551,AthlncRNA98,1
22329999,AthlncRNA99,1
15232459,AthlncRNA99,1
15221761,AthlncRNA99,1
42572443,AthlncRNA99,1
30682553,AthlncRNA172,0
15233167,AthlncRNA342,0
15223768,AthlncRNA378,0
15229743,AthlncRNA320,0
15221761,AthlncRNA64,0
22329999,AthlncRNA148,0
79326195,AthlncRNA296,0
15224217,AthlncRNA342,0
42572443,AthlncRNA293,0
15218779,AthlncRNA269,0
15229884,AthlncRNA55,0
22330665,AthlncRNA299,0
30680456,AthlncRNA199,0
15226605,AthlncRNA105,0
30682553,AthlncRNA306,0
15234010,AthlncRNA300,0
79320777,AthlncRNA269,0
15226605,AthlncRNA113,0
15218972,AthlncRNA99,0
15223768,AthlncRNA269,0
15227722,AthlncRNA21,0
22329999,AthlncRNA247,0
18410591,AthlncRNA18,0
15218972,AthlncRNA376,0
15229884,AthlncRNA79,0
15232459,AthlncRNA172,0
15218972,AthlncRNA94,0
15218972,AthlncRNA315,0
15221761,AthlncRNA306,0
18423684,AthlncRNA22,0
15223768,AthlncRNA78,0
30678085,AthlncRNA238,0
79326195,AthlncRNA12,0
22329999,AthlncRNA194,0
22329999,AthlncRNA78,0
18398061,AthlncRNA251,0
15218972,AthlncRNA129,0
15218779,AthlncRNA56,0
15233167,AthlncRNA341,0
15234010,AthlncRNA29,0
15234010,AthlncRNA364,0
15234010,AthlncRNA378,0
30680456,AthlncRNA332,0
30678085,AthlncRNA277,0
15233167,AthlncRNA327,0
30678085,AthlncRNA284,0
18423684,AthlncRNA319,0
30678085,AthlncRNA256,0
15237716,AthlncRNA129,0
15221761,AthlncRNA313,0
15233167,AthlncRNA18,0
15221761,AthlncRNA327,0
30678085,AthlncRNA10,0
22329999,AthlncRNA373,0
18398061,AthlncRNA102,0
15233167,AthlncRNA377,0
15232459,AthlncRNA113,0
15218972,AthlncRNA327,0
18423684,AthlncRNA74,0
15233167,AthlncRNA261,0
15221761,AthlncRNA104,0
79326195,AthlncRNA129,0
15237716,AthlncRNA211,0
15232459,AthlncRNA79,0
15232459,AthlncRNA256,0
15218779,AthlncRNA314,0
15229884,AthlncRNA12,0
15237716,AthlncRNA306,0
15218779,AthlncRNA328,0
15237716,AthlncRNA227,0
15218779,AthlncRNA358,0
22328551,AthlncRNA247,0
15223768,AthlncRNA64,0
15228098,AthlncRNA210,0
79326195,AthlncRNA2,0
15218972,AthlncRNA369,0
30694526,AthlncRNA320,0
18410591,AthlncRNA79,0
18423684,AthlncRNA309,0
18398061,AthlncRNA218,0
79326195,AthlncRNA293,0
30694526,AthlncRNA313,0
18410591,AthlncRNA109,0
15228098,AthlncRNA352,0
79326195,AthlncRNA218,0
15233167,AthlncRNA277,0
18410591,AthlncRNA261,0
15227722,AthlncRNA373,0
15221761,AthlncRNA241,0
18410591,AthlncRNA222,0
15221761,AthlncRNA238,0
15233167,AthlncRNA271,0
15218972,AthlncRNA313,0
42572443,AthlncRNA241,0
22328551,AthlncRNA341,0
15218779,AthlncRNA141,0
15229743,AthlncRNA376,0
15221761,AthlncRNA354,0
79326195,AthlncRNA229,0
15232459,AthlncRNA335,0
15232459,AthlncRNA269,0
15232459,AthlncRNA299,0
15237716,AthlncRNA251,0
15223768,AthlncRNA271,0
15233167,AthlncRNA105,0
22329999,AthlncRNA358,0
15221761,AthlncRNA199,0
15224366,AthlncRNA113,0
22328551,AthlncRNA309,0
15218779,AthlncRNA211,0
30680456,AthlncRNA316,0
15223768,AthlncRNA42,0
15229884,AthlncRNA155,0
22330665,AthlncRNA172,0
79326195,AthlncRNA98,0
15218972,AthlncRNA29,0
15232459,AthlncRNA95,0
30682553,AthlncRNA74,0
42572443,AthlncRNA282,0
15218972,AthlncRNA229,0
15218972,AthlncRNA104,0
15218779,AthlncRNA335,0
15232459,AthlncRNA211,0
79326195,AthlncRNA105,0
22330665,AthlncRNA210,0
22330665,AthlncRNA332,0
15237716,AthlncRNA241,0
30678085,AthlncRNA125,0
18398061,AthlncRNA204,0
15226605,AthlncRNA251,0
79326195,AthlncRNA62,0
15221761,AthlncRNA192,0
30678085,AthlncRNA378,0
15233167,AthlncRNA211,0
15234010,AthlncRNA251,0
18423684,AthlncRNA56,0
15241028,AthlncRNA260,0
79320777,AthlncRNA345,0
30678085,AthlncRNA271,0
30694526,AthlncRNA12,0
79326195,AthlncRNA215,0
15232459,AthlncRNA128,0
15224366,AthlncRNA238,0
30694526,AthlncRNA316,0
15240641,AthlncRNA324,0
22330665,AthlncRNA236,0
22330665,AthlncRNA354,0
22330665,AthlncRNA335,0
22330665,AthlncRNA327,0
15240641,AthlncRNA210,0
15224217,AthlncRNA277,0
79326195,AthlncRNA256,0
22330665,AthlncRNA320,0
15221761,AthlncRNA194,0
79320777,AthlncRNA199,0
15218779,AthlncRNA346,0
15221761,AthlncRNA167,0
15218779,AthlncRNA364,0
79326195,AthlncRNA99,0
30678085,AthlncRNA345,0
15229884,AthlncRNA159,0
22329999,AthlncRNA102,0
15223768,AthlncRNA2,0
15232459,AthlncRNA215,0
15218779,AthlncRNA21,0
22328551,AthlncRNA346,0
15237716,AthlncRNA260,0
15218779,AthlncRNA342,0
15227722,AthlncRNA102,0
15221761,AthlncRNA247,0
15229884,AthlncRNA247,0
15237716,AthlncRNA105,0
22328551,AthlncRNA306,0
15234010,AthlncRNA342,0
30678085,AthlncRNA270,0
15234010,AthlncRNA253,0
18410591,AthlncRNA74,0
15218779,AthlncRNA236,0
15218972,AthlncRNA22,0
15237716,AthlncRNA172,0
30678085,AthlncRNA306,0
22328551,AthlncRNA194,0
15232459,AthlncRNA319,0
18423684,AthlncRNA213,0
15232459,AthlncRNA236,0
30694529,AthlncRNA299,0
22328624,AthlncRNA306,0
22330665,AthlncRNA194,0
15234010,AthlncRNA99,0
15218972,AthlncRNA373,0
18400210,AthlncRNA296,0
30694526,AthlncRNA261,0
79320777,AthlncRNA113,0
30678085,AthlncRNA358,0
15232459,AthlncRNA241,0
79326195,AthlncRNA207,0
15221761,AthlncRNA10,0
15228098,AthlncRNA241,0
15233167,AthlncRNA296,0
15218779,AthlncRNA324,0
15233167,AthlncRNA236,0
15221761,AthlncRNA14,0
22328624,AthlncRNA315,0
15218779,AthlncRNA378,0
30694529,AthlncRNA213,0
15234010,AthlncRNA315,0
22329999,AthlncRNA218,0
22330665,AthlncRNA218,0
15229884,AthlncRNA53,0
30678085,AthlncRNA222,0
15229743,AthlncRNA210,0
15218779,AthlncRNA55,0
15233167,AthlncRNA253,0
15218779,AthlncRNA319,0
15233167,AthlncRNA354,0
15221761,AthlncRNA296,0
22330665,AthlncRNA18,0
15237716,AthlncRNA236,0
22328624,AthlncRNA251,0
15218972,AthlncRNA300,0
30694526,AthlncRNA52,0
15218972,AthlncRNA56,0
22329999,AthlncRNA222,0
15218972,AthlncRNA64,0
79326195,AthlncRNA364,0
22329999,AthlncRNA306,0
22330665,AthlncRNA229,0
22330665,AthlncRNA159,0
15229884,AthlncRNA213,0
15218779,AthlncRNA341,0
15234010,AthlncRNA218,0
15223768,AthlncRNA251,0
15218972,AthlncRNA236,0
15229743,AthlncRNA211,0
15224366,AthlncRNA55,0
15218779,AthlncRNA376,0
22330665,AthlncRNA284,0
30694526,AthlncRNA315,0
15233167,AthlncRNA328,0
15218779,AthlncRNA23,0
15233167,AthlncRNA269,0
15224217,AthlncRNA10,0
22329999,AthlncRNA12,0
15232459,AthlncRNA192,0
15237716,AthlncRNA300,0
79326195,AthlncRNA299,0
22330665,AthlncRNA52,0
15234010,AthlncRNA98,0
22329999,AthlncRNA210,0
15221761,AthlncRNA141,0
30680456,AthlncRNA260,0
22329999,AthlncRNA52,0
15237716,AthlncRNA192,0
15233167,AthlncRNA110,0
30694529,AthlncRNA247,0
22328551,AthlncRNA377,0
79326195,AthlncRNA378,0
42572443,AthlncRNA172,0
15221761,AthlncRNA299,0
15218779,AthlncRNA260,0
79320777,AthlncRNA258,0
22329999,AthlncRNA229,0
18400210,AthlncRNA271,0
15218779,AthlncRNA321,0
15234010,AthlncRNA332,0
15232459,AthlncRNA302,0
18410591,AthlncRNA14,0
15229884,AthlncRNA109,0
18398061,AthlncRNA98,0
15221761,AthlncRNA22,0
15223768,AthlncRNA321,0
22330665,AthlncRNA215,0
22328624,AthlncRNA102,0
15234010,AthlncRNA78,0
18410591,AthlncRNA251,0
30682553,AthlncRNA207,0
79326195,AthlncRNA211,0
15221761,AthlncRNA253,0
22328624,AthlncRNA192,0
15237716,AthlncRNA18,0
22329999,AthlncRNA377,0
79326195,AthlncRNA342,0
30680456,AthlncRNA247,0
79326195,AthlncRNA210,0
15234010,AthlncRNA269,0
22329999,AthlncRNA55,0
15234010,AthlncRNA256,0
22329999,AthlncRNA251,0
15218779,AthlncRNA373,0
79326195,AthlncRNA238,0
15218972,AthlncRNA207,0
15233167,AthlncRNA299,0
15218779,AthlncRNA113,0
15237716,AthlncRNA94,0
18423684,AthlncRNA369,0
42571149,AthlncRNA193,0
18423684,AthlncRNA207,0
79320777,AthlncRNA172,0
79326195,AthlncRNA345,0
15234010,AthlncRNA302,0
18423684,AthlncRNA302,0
15218972,AthlncRNA377,0
15232459,AthlncRNA78,0
18423684,AthlncRNA332,0
15237716,AthlncRNA293,0
15218972,AthlncRNA258,0
15234010,AthlncRNA75,0
18400210,AthlncRNA315,0
22329999,AthlncRNA300,0
15232459,AthlncRNA18,0
15233167,AthlncRNA2,0
15218779,AthlncRNA354,0
15218972,AthlncRNA75,0
22329999,AthlncRNA2,0
79320777,AthlncRNA346,0
15221761,AthlncRNA284,0
15223768,AthlncRNA79,0
15224366,AthlncRNA199,0
15223768,AthlncRNA172,0
15237716,AthlncRNA332,0
15232459,AthlncRNA110,0
30694529,AthlncRNA313,0
15232459,AthlncRNA271,0
15229321,AthlncRNA222,0
15218779,AthlncRNA306,0
15233167,AthlncRNA238,0
15232459,AthlncRNA247,0
22330665,AthlncRNA253,0
15234010,AthlncRNA238,0
30678085,AthlncRNA105,0
30678085,AthlncRNA328,0
15234010,AthlncRNA167,0
22329999,AthlncRNA95,0
15229884,AthlncRNA21,0
22328624,AthlncRNA229,0
15234010,AthlncRNA236,0
22329999,AthlncRNA342,0
22329999,AthlncRNA316,0
15232459,AthlncRNA210,0
42571149,AthlncRNA354,0
15232459,AthlncRNA342,0
79326195,AthlncRNA172,0
42571149,AthlncRNA340,0
15218779,AthlncRNA64,0
22328551,AthlncRNA53,0
15218972,AthlncRNA204,0
18398061,AthlncRNA21,0
15221761,AthlncRNA138,0
15227722,AthlncRNA300,0
15218972,AthlncRNA102,0
15237716,AthlncRNA345,0
15229321,AthlncRNA327,0
30680456,AthlncRNA23,0
15241028,AthlncRNA21,0
42571149,AthlncRNA319,0
15218972,AthlncRNA260,0
15223768,AthlncRNA299,0
15234010,AthlncRNA138,0
15232459,AthlncRNA10,0
18398061,AthlncRNA296,0
15221761,AthlncRNA2,0
15221761,AthlncRNA18,0
15233167,AthlncRNA309,0
22328624,AthlncRNA373,0
30694526,AthlncRNA74,0
22330665,AthlncRNA314,0
42571149,AthlncRNA207,0
15218972,AthlncRNA311,0
15229321,AthlncRNA247,0
18410591,AthlncRNA247,0
15218779,AthlncRNA213,0
30678085,AthlncRNA167,0
15237716,AthlncRNA309,0
15232459,AthlncRNA320,0
15223768,AthlncRNA53,0
15234010,AthlncRNA369,0
15227722,AthlncRNA62,0
15232459,AthlncRNA23,0
18398061,AthlncRNA246,0
15234010,AthlncRNA210,0
15223768,AthlncRNA313,0
15237716,AthlncRNA229,0
15224217,AthlncRNA296,0
22329999,AthlncRNA167,0
15221761,AthlncRNA126,0
30678085,AthlncRNA53,0
15232459,AthlncRNA64,0
18423684,AthlncRNA306,0
15234010,AthlncRNA207,0
79320777,AthlncRNA341,0
18398061,AthlncRNA211,0
79326195,AthlncRNA270,0
42571149,AthlncRNA102,0
15241028,AthlncRNA364,0
30678085,AthlncRNA199,0
22328624,AthlncRNA271,0
22328551,AthlncRNA364,0
15218972,AthlncRNA211,0
18423684,AthlncRNA138,0
79320777,AthlncRNA10,0
15226605,AthlncRNA324,0
30682553,AthlncRNA341,0
15218972,AthlncRNA192,0
15224366,AthlncRNA10,0
15232459,AthlncRNA258,0
15233167,AthlncRNA241,0
42571149,AthlncRNA211,0
22330665,AthlncRNA2,0
15240641,AthlncRNA320,0
15229743,AthlncRNA377,0
15234010,AthlncRNA327,0
79326195,AthlncRNA102,0
15226605,AthlncRNA352,0
15221761,AthlncRNA332,0
15240641,AthlncRNA313,0
15218779,AthlncRNA320,0
15237716,AthlncRNA193,0
15233167,AthlncRNA42,0
22329999,AthlncRNA315,0
15228098,AthlncRNA62,0
30680456,AthlncRNA102,0
15221761,AthlncRNA282,0
22330665,AthlncRNA213,0
30678085,AthlncRNA376,0
15218972,AthlncRNA109,0
15221761,AthlncRNA236,0
15229321,AthlncRNA277,0
15228098,AthlncRNA56,0
15234010,AthlncRNA42,0
79326195,AthlncRNA113,0
15226605,AthlncRNA296,0
18398061,AthlncRNA95,0
15224366,AthlncRNA284,0
15232459,AthlncRNA358,0
79326195,AthlncRNA300,0
22330665,AthlncRNA10,0
22329999,AthlncRNA352,0
15234010,AthlncRNA320,0
30678085,AthlncRNA258,0
15218779,AthlncRNA37,0
79320777,AthlncRNA277,0
30694526,AthlncRNA172,0
15237716,AthlncRNA113,0
18400210,AthlncRNA241,0
22328551,AthlncRNA21,0
42571149,AthlncRNA342,0
15233167,AthlncRNA358,0
15237716,AthlncRNA373,0
15229743,AthlncRNA354,0
15218972,AthlncRNA210,0
15240641,AthlncRNA52,0
15221761,AthlncRNA302,0
15226605,AthlncRNA346,0
15223768,AthlncRNA258,0
42572443,AthlncRNA113,0
15227722,AthlncRNA293,0
15224366,AthlncRNA345,0
18398061,AthlncRNA213,0
15237716,AthlncRNA324,0
15234010,AthlncRNA270,0
15218972,AthlncRNA18,0
15226605,AthlncRNA340,0
15234010,AthlncRNA376,0
15218972,AthlncRNA218,0
15218972,AthlncRNA324,0
15218779,AthlncRNA126,0
15218972,AthlncRNA246,0
22329999,AthlncRNA346,0
15221761,AthlncRNA193,0
15218779,AthlncRNA125,0
15218972,AthlncRNA256,0
15224217,AthlncRNA22,0
79320777,AthlncRNA328,0
15229743,AthlncRNA269,0
15232459,AthlncRNA314,0
15233167,AthlncRNA94,0
79320777,AthlncRNA369,0
15218972,AthlncRNA227,0
15232459,AthlncRNA354,0
79320777,AthlncRNA271,0
79326195,AthlncRNA327,0
15229884,AthlncRNA299,0
15218972,AthlncRNA2,0
15229884,AthlncRNA352,0
15218779,AthlncRNA300,0
15218972,AthlncRNA14,0
15240641,AthlncRNA167,0
15223768,AthlncRNA376,0
42572443,AthlncRNA159,0
15237716,AthlncRNA358,0
15232459,AthlncRNA277,0
15237716,AthlncRNA159,0
30680456,AthlncRNA2,0
15224217,AthlncRNA128,0
15232459,AthlncRNA313,0
15218779,AthlncRNA313,0
15234010,AthlncRNA277,0
15221761,AthlncRNA345,0
30694526,AthlncRNA373,0
15224366,AthlncRNA328,0
18423684,AthlncRNA296,0
15229321,AthlncRNA364,0
30694529,AthlncRNA138,0
15227722,AthlncRNA309,0
15218972,AthlncRNA141,0
42571149,AthlncRNA126,0
22328551,AthlncRNA75,0
15218779,AthlncRNA2,0
15229321,AthlncRNA284,0
15224217,AthlncRNA270,0
15229321,AthlncRNA32,0
22329999,AthlncRNA246,0
79326195,AthlncRNA309,0
15228098,AthlncRNA126,0
22329999,AthlncRNA109,0
79326195,AthlncRNA241,0
15234010,AthlncRNA37,0
15218972,AthlncRNA78,0
15218972,AthlncRNA340,0
15237716,AthlncRNA78,0
18400210,AthlncRNA172,0
30680456,AthlncRNA377,0
15233167,AthlncRNA222,0
22329999,AthlncRNA311,0
15218972,AthlncRNA354,0
15229743,AthlncRNA246,0
15232459,AthlncRNA37,0
30680456,AthlncRNA378,0
30694526,AthlncRNA2,0
15224217,AthlncRNA126,0
30678085,AthlncRNA346,0
15223768,AthlncRNA324,0
15234010,AthlncRNA56,0
15224217,AthlncRNA2,0
15218972,AthlncRNA332,0
15221761,AthlncRNA218,0
15233167,AthlncRNA10,0
15226605,AthlncRNA271,0
79326195,AthlncRNA199,0
30678085,AthlncRNA335,0
15221761,AthlncRNA229,0
22329999,AthlncRNA204,0
15234010,AthlncRNA172,0
15221761,AthlncRNA95,0
30694529,AthlncRNA260,0
22330665,AthlncRNA204,0
15218779,AthlncRNA271,0
30694529,AthlncRNA22,0
15226605,AthlncRNA62,0
15232459,AthlncRNA340,0
22330665,AthlncRNA247,0
15221761,AthlncRNA270,0
15237716,AthlncRNA320,0
30678085,AthlncRNA269,0
15232459,AthlncRNA321,0
15218779,AthlncRNA246,0
15224366,AthlncRNA378,0
15233167,AthlncRNA99,0
15228098,AthlncRNA159,0
22330665,AthlncRNA55,0
15233167,AthlncRNA293,0
15234010,AthlncRNA62,0
22330665,AthlncRNA126,0
15229743,AthlncRNA194,0
22329999,AthlncRNA193,0
22330665,AthlncRNA75,0
22328551,AthlncRNA296,0
79320777,AthlncRNA251,0
42571149,AthlncRNA79,0
79326195,AthlncRNA21,0
15233167,AthlncRNA270,0
15224366,AthlncRNA126,0
79326195,AthlncRNA373,0
15233167,AthlncRNA316,0
15229743,AthlncRNA12,0
22330665,AthlncRNA378,0
15232459,AthlncRNA14,0
15233167,AthlncRNA207,0
15221761,AthlncRNA23,0
15232459,AthlncRNA104,0
79326195,AthlncRNA227,0
15234010,AthlncRNA22,0
79326195,AthlncRNA302,0
15229321,AthlncRNA253,0
15233167,AthlncRNA229,0
15221761,AthlncRNA246,0
30680456,AthlncRNA104,0
15233167,AthlncRNA56,0
22328551,AthlncRNA55,0
15234010,AthlncRNA159,0
15218779,AthlncRNA258,0
15237716,AthlncRNA270,0
22330665,AthlncRNA56,0
30678085,AthlncRNA341,0
15232459,AthlncRNA2,0
22329999,AthlncRNA104,0
15218972,AthlncRNA296,0
15241028,AthlncRNA376,0
30678085,AthlncRNA299,0
18423684,AthlncRNA269,0
22330665,AthlncRNA79,0
15233167,AthlncRNA373,0
15221761,AthlncRNA314,0
18400210,AthlncRNA193,0
22328624,AthlncRNA213,0
15221761,AthlncRNA309,0
15224217,AthlncRNA78,0
15232459,AthlncRNA282,0
79326195,AthlncRNA55,0
30694529,AthlncRNA302,0
15241028,AthlncRNA340,0
22329999,AthlncRNA155,0
15232459,AthlncRNA376,0
15221761,AthlncRNA260,0
79326195,AthlncRNA109,0
79326195,AthlncRNA271,0
15233167,AthlncRNA311,0
15237716,AthlncRNA377,0
79326195,AthlncRNA335,0
22330665,AthlncRNA293,0
15228098,AthlncRNA99,0
15224217,AthlncRNA238,0
22330665,AthlncRNA270,0
22330665,AthlncRNA346,0
15233167,AthlncRNA213,0
15240641,AthlncRNA293,0
15240641,AthlncRNA311,0
15218972,AthlncRNA320,0
15229884,AthlncRNA62,0
22330665,AthlncRNA341,0
15229884,AthlncRNA300,0
15232459,AthlncRNA309,0
15218972,AthlncRNA277,0
22329999,AthlncRNA18,0
22330665,AthlncRNA271,0
30678085,AthlncRNA204,0
79326195,AthlncRNA23,0
15218972,AthlncRNA213,0
79326195,AthlncRNA52,0
22330665,AthlncRNA342,0
15228098,AthlncRNA172,0
30678085,AthlncRNA172,0
15226605,AthlncRNA18,0
15233167,AthlncRNA314,0
15224366,AthlncRNA256,0
15234010,AthlncRNA311,0
15223768,AthlncRNA222,0
30678085,AthlncRNA128,0
15234010,AthlncRNA284,0
15227722,AthlncRNA218,0
15233167,AthlncRNA74,0
30680456,AthlncRNA138,0
15221761,AthlncRNA79,0
79320777,AthlncRNA311,0
15227722,AthlncRNA55,0
15234010,AthlncRNA21,0
18423684,AthlncRNA293,0
15226605,AthlncRNA354,0
15234010,AthlncRNA299,0
15227722,AthlncRNA269,0
15233167,AthlncRNA256,0
15232459,AthlncRNA22,0
15233167,AthlncRNA204,0
15234010,AthlncRNA341,0
15223768,AthlncRNA155,0
15221761,AthlncRNA316,0
22329999,AthlncRNA21,0
15218972,AthlncRNA306,0
30680456,AthlncRNA207,0
15229321,AthlncRNA306,0
30678085,AthlncRNA2,0
30678085,AthlncRNA126,0
15229743,AthlncRNA271,0
30682553,AthlncRNA364,0
79326195,AthlncRNA316,0
22330665,AthlncRNA261,0
15218972,AthlncRNA299,0
15223768,AthlncRNA277,0
15241028,AthlncRNA204,0
22329999,AthlncRNA270,0
15218972,AthlncRNA247,0
15233167,AthlncRNA247,0
15232459,AthlncRNA327,0
15224217,AthlncRNA256,0
42572443,AthlncRNA261,0
15234010,AthlncRNA18,0
15233167,AthlncRNA75,0
22329999,AthlncRNA320,0
15234010,AthlncRNA321,0
30680456,AthlncRNA340,0
18423684,AthlncRNA358,0
15232459,AthlncRNA238,0
15228098,AthlncRNA98,0
22329999,AthlncRNA74,0
15227722,AthlncRNA126,0
15224217,AthlncRNA271,0
15226605,AthlncRNA211,0
22329999,AthlncRNA256,0
15232459,AthlncRNA316,0
79326195,AthlncRNA78,0
15241028,AthlncRNA113,0
15241028,AthlncRNA95,0
30682553,AthlncRNA126,0
15232459,AthlncRNA377,0
22330665,AthlncRNA309,0
18410591,AthlncRNA332,0
15221761,AthlncRNA213,0
18400210,AthlncRNA194,0
18410591,AthlncRNA282,0
15228098,AthlncRNA64,0
15234010,AthlncRNA313,0
15221761,AthlncRNA328,0
30694529,AthlncRNA207,0
79326195,AthlncRNA341,0
30680456,AthlncRNA14,0
15233167,AthlncRNA141,0
42572443,AthlncRNA309,0
15218972,AthlncRNA378,0
15232459,AthlncRNA328,0
15224217,AthlncRNA53,0
79326195,AthlncRNA340,0
30678085,AthlncRNA218,0
15241028,AthlncRNA269,0
22330665,AthlncRNA306,0
15233167,AthlncRNA167,0
22328551,AthlncRNA319,0
15234010,AthlncRNA306,0
22330665,AthlncRNA376,0
15229884,AthlncRNA52,0
42571149,AthlncRNA215,0
15232459,AthlncRNA296,0
15237716,AthlncRNA218,0
22330665,AthlncRNA141,0
22330665,AthlncRNA222,0
15221761,AthlncRNA320,0
15221761,AthlncRNA222,0
15227722,AthlncRNA258,0
15218972,AthlncRNA155,0
15241028,AthlncRNA172,0
22329999,AthlncRNA172,0
22328624,AthlncRNA193,0
15234010,AthlncRNA319,0
79326195,AthlncRNA18,0
15224217,AthlncRNA341,0
30682553,AthlncRNA167,0
15234010,AthlncRNA199,0
79320777,AthlncRNA378,0
15229884,AthlncRNA320,0
15237716,AthlncRNA215,0
15224217,AthlncRNA306,0
15229884,AthlncRNA315,0
15227722,AthlncRNA378,0
15218972,AthlncRNA316,0
15234010,AthlncRNA55,0
42571149,AthlncRNA167,0
15241028,AthlncRNA18,0
15237716,AthlncRNA282,0
22328624,AthlncRNA319,0
79326195,AthlncRNA306,0
18398061,AthlncRNA194,0
22329999,AthlncRNA236,0
22330665,AthlncRNA192,0
15240641,AthlncRNA241,0
15233167,AthlncRNA172,0
15227722,AthlncRNA172,0
15229743,AthlncRNA10,0
30678085,AthlncRNA261,0
15237716,AthlncRNA261,0
15224366,AthlncRNA369,0
22330665,AthlncRNA258,0
15229743,AthlncRNA258,0
15229321,AthlncRNA98,0
18398061,AthlncRNA104,0
15237716,AthlncRNA341,0
15229884,AthlncRNA306,0
15232459,AthlncRNA270,0
15223768,AthlncRNA364,0
15218779,AthlncRNA311,0
22328624,AthlncRNA354,0
42572443,AthlncRNA18,0
15221761,AthlncRNA55,0
18398061,AthlncRNA167,0
22330665,AthlncRNA128,0
15233167,AthlncRNA284,0
22329999,AthlncRNA340,0
42571149,AthlncRNA74,0
15218972,AthlncRNA251,0
30694529,AthlncRNA229,0
15228098,AthlncRNA345,0
15221761,AthlncRNA358,0
79326195,AthlncRNA37,0
15229884,AthlncRNA346,0
15232459,AthlncRNA352,0
15232459,AthlncRNA324,0
79326195,AthlncRNA313,0
15229743,AthlncRNA98,0
15233167,AthlncRNA340,0
22330665,AthlncRNA352,0
30678085,AthlncRNA354,0
15232459,AthlncRNA260,0
30682553,AthlncRNA314,0
15229321,AthlncRNA62,0
15229743,AthlncRNA332,0
22330665,AthlncRNA95,0
15240641,AthlncRNA316,0
15237716,AthlncRNA253,0
30680456,AthlncRNA246,0
15218972,AthlncRNA62,0
15234010,AthlncRNA53,0
15234010,AthlncRNA316,0
22328551,AthlncRNA258,0
30694526,AthlncRNA99,0
42572443,AthlncRNA29,0
79326195,AthlncRNA358,0
15232459,AthlncRNA167,0
15232459,AthlncRNA261,0
22329999,AthlncRNA302,0
15232459,AthlncRNA159,0
30694529,AthlncRNA364,0
30678085,AthlncRNA109,0
79320777,AthlncRNA53,0
42571149,AthlncRNA29,0
15218972,AthlncRNA241,0
30682553,AthlncRNA260,0
79326195,AthlncRNA247,0
15237716,AthlncRNA98,0
15224217,AthlncRNA311,0
15224366,AthlncRNA253,0
15232459,AthlncRNA246,0
30680456,AthlncRNA296,0
15229743,AthlncRNA53,0
15221761,AthlncRNA335,0
15221761,AthlncRNA109,0
15221761,AthlncRNA52,0
15237716,AthlncRNA10,0
15218779,AthlncRNA345,0
15232459,AthlncRNA306,0
15218972,AthlncRNA238,0
15221761,AthlncRNA315,0
15224366,AthlncRNA99,0
22328624,AthlncRNA341,0
15237716,AthlncRNA56,0
18410591,AthlncRNA345,0
30680456,AthlncRNA352,0
15221761,AthlncRNA98,0
30682553,AthlncRNA269,0
30694529,AthlncRNA172,0
15218972,AthlncRNA321,0
15229321,AthlncRNA324,0
30678085,AthlncRNA364,0
15221761,AthlncRNA271,0
15223768,AthlncRNA306,0
22328551,AthlncRNA104,0
22330665,AthlncRNA328,0
15234010,AthlncRNA215,0
15218779,AthlncRNA340,0
22330665,AthlncRNA319,0
15226605,AthlncRNA52,0
15234010,AthlncRNA296,0
30678085,AthlncRNA37,0
22330665,AthlncRNA99,0
22328551,AthlncRNA335,0
30694529,AthlncRNA282,0
15234010,AthlncRNA346,0
15223768,AthlncRNA99,0
79326195,AthlncRNA64,0
15233167,AthlncRNA321,0
15221761,AthlncRNA172,0
42572443,AthlncRNA277,0
18400210,AthlncRNA277,0
15226605,AthlncRNA269,0
15237716,AthlncRNA327,0
18423684,AthlncRNA246,0
15218972,AthlncRNA342,0
15223768,AthlncRNA346,0
15226605,AthlncRNA358,0
15221761,AthlncRNA75,0
30680456,AthlncRNA306,0
15233167,AthlncRNA251,0
15234010,AthlncRNA64,0
15227722,AthlncRNA246,0
15233167,AthlncRNA155,0
15229743,AthlncRNA215,0
15221761,AthlncRNA159,0
18398061,AthlncRNA141,0
42571149,AthlncRNA327,0
15226605,AthlncRNA98,0
15234010,AthlncRNA309,0
15233167,AthlncRNA376,0
15232459,AthlncRNA378,0
79326195,AthlncRNA377,0
15233167,AthlncRNA369,0
15224217,AthlncRNA345,0
15221761,AthlncRNA311,0
15237716,AthlncRNA29,0
15221761,AthlncRNA113,0
15240641,AthlncRNA215,0
15241028,AthlncRNA128,0
79326195,AthlncRNA311,0
15218972,AthlncRNA335,0
22329999,AthlncRNA319,0
79320777,AthlncRNA261,0
18410591,AthlncRNA352,0
30678085,AthlncRNA79,0
22330665,AthlncRNA251,0
15240641,AthlncRNA319,0
15233167,AthlncRNA315,0
15240641,AthlncRNA256,0
18400210,AthlncRNA269,0
30682553,AthlncRNA215,0
18423684,AthlncRNA199,0
15229884,AthlncRNA269,0
15229884,AthlncRNA319,0
15227722,AthlncRNA37,0
15229321,AthlncRNA293,0
15218972,AthlncRNA98,0
15232459,AthlncRNA193,0
15237716,AthlncRNA210,0
18398061,AthlncRNA199,0
18423684,AthlncRNA141,0
18400210,AthlncRNA10,0
15218972,AthlncRNA105,0
15218972,AthlncRNA282,0
30680456,AthlncRNA55,0
15221761,AthlncRNA373,0
15234010,AthlncRNA324,0
15240641,AthlncRNA110,0
30678085,AthlncRNA340,0
30694526,AthlncRNA126,0
15237716,AthlncRNA207,0
15229321,AthlncRNA354,0
22330665,AthlncRNA269,0
30694526,AthlncRNA332,0
79320777,AthlncRNA213,0
15221761,AthlncRNA377,0
22328551,AthlncRNA222,0
15218972,AthlncRNA126,0
15233167,AthlncRNA210,0
15240641,AthlncRNA102,0
15229321,AthlncRNA302,0
15237716,AthlncRNA314,0
15229743,AthlncRNA345,0
15241028,AthlncRNA62,0
22328551,AthlncRNA358,0
22330665,AthlncRNA105,0
15218972,AthlncRNA215,0
15237716,AthlncRNA204,0
30694529,AthlncRNA74,0
